gakken	kitahara	maiduru	yokonisi	workcenter	genyou	imade	motookapost	motookasch	yamasaki	susenjieast	susenji	izumi	fujimi	tarou	motookacoop	motooka	yamade	sangaku	firecenter	bigorange	kougakubu
7:11	7:12	null	null	null	null	null	null	null	7:14	7:15	7:16	7:19	7:20	7:21	7:22	null	null	7:25	7:25	7:26	7:28
7:23	null	7:26	7:27	7:28	7:29	7:30	7:31	7:32	null	null	null	null	null	null	null	null	null	7:35	7:35	7:36	7:38
7:25	7:26	null	null	null	null	null	null	null	7:28	7:29	7:30	7:33	7:34	7:35	7:36	null	null	7:39	7:39	7:40	7:42
7:33	null	7:36	7:37	7:38	7:39	7:40	7:41	7:42	null	null	null	null	null	null	null	null	null	7:45	7:45	7:47	7:50
7:35	7:36	null	null	null	null	null	null	null	7:38	7:39	7:40	7:43	7:44	7:45	7:46	null	null	7:49	7:49	7:51	7:54
7:42	null	7:45	7:46	7:47	7:48	7:49	7:50	7:51	null	null	null	null	null	null	null	null	null	7:54	7:54	7:56	7:59
7:44	7:45	null	null	null	null	null	null	null	7:47	7:48	7:49	7:52	7:53	7:54	7:55	null	null	7:58	7:58	8:00	8:03
7:46	null	7:49	7:50	7:51	7:52	7:53	7:54	7:55	null	null	null	null	null	null	null	null	null	7:58	7:58	8:00	8:03
null	null	null	null	null	null	null	null	null	7:51	7:52	7:53	7:56	7:57	7:58	7:59	null	null	8:02	8:02	8:04	8:07
7:54	null	7:57	7:58	7:59	8:00	8:01	8:02	8:03	null	null	null	null	null	null	null	null	null	8:06	8:06	8:08	8:11
7:56	null	null	null	null	null	null	null	null	null	null	null	null	null	null	null	null	null	null	null	8:08	8:11
7:56	7:57	null	null	null	null	null	null	null	7:59	8:00	8:01	8:04	8:05	8:06	8:07	null	null	8:10	8:10	8:12	8:15
8:00	null	null	null	null	null	null	null	null	null	null	null	null	null	null	null	null	null	null	null	8:12	8:15
8:06	null	null	null	null	null	null	null	null	null	null	null	null	null	null	null	null	null	null	null	8:18	8:21
8:07	null	null	null	null	null	null	null	null	null	null	null	null	null	null	null	null	null	null	null	8:19	8:22
8:09	null	8:12	8:13	8:14	8:15	8:16	8:17	8:18	null	null	null	null	null	null	null	null	null	8:21	8:21	8:23	8:26
null	null	null	null	null	null	null	null	null	8:11	8:12	8:13	8:16	8:17	8:18	8:19	null	null	8:22	8:22	8:24	8:27
8:11	null	8:14	8:15	8:16	8:17	8:18	8:19	8:20	null	null	null	null	null	null	null	null	null	8:23	8:23	8:25	8:28
8:12	null	null	null	null	null	null	null	null	null	null	null	null	null	null	null	null	null	null	null	8:24	8:27
8:13	8:14	null	null	null	null	null	null	null	8:16	8:17	8:18	8:21	8:22	8:23	8:24	null	null	8:27	8:27	8:29	8:32
8:16	null	null	null	null	null	null	null	null	null	null	null	null	null	null	null	null	null	null	null	8:28	8:31
8:18	null	null	null	null	null	null	null	null	null	null	null	null	null	null	null	null	null	null	null	8:30	8:33
null	null	null	null	null	null	null	null	null	8:19	8:20	8:21	8:24	8:25	8:26	8:27	null	null	8:30	8:30	8:32	8:35
8:21	null	8:24	8:25	8:26	8:27	8:28	8:29	8:30	null	null	null	null	null	null	null	null	null	8:33	8:33	8:35	8:38
8:24	8:25	null	null	null	null	null	null	null	8:27	8:28	8:29	8:32	8:33	8:34	8:35	null	null	8:38	8:38	8:40	8:43
8:27	null	8:30	8:31	8:32	8:33	8:34	8:35	8:36	null	null	null	null	null	null	null	null	null	8:39	8:39	8:41	8:44
8:32	8:33	null	null	null	null	null	null	null	8:35	8:36	8:37	8:40	8:41	8:42	8:43	null	null	8:46	8:46	8:47	8:49
8:37	null	8:40	8:41	8:42	8:43	8:44	8:45	8:46	null	null	null	null	null	null	null	null	null	8:49	8:49	8:50	8:52
8:39	8:40	null	null	null	null	null	null	null	8:42	8:43	8:44	8:47	8:48	8:49	8:50	null	null	8:53	8:53	8:54	8:56
8:42	8:43	null	null	null	null	null	null	null	8:45	8:46	8:47	8:50	8:51	8:52	8:53	null	null	8:56	8:56	8:57	8:59
8:46	null	8:49	8:50	8:51	8:52	8:53	8:54	8:55	null	null	null	null	null	null	null	null	null	8:58	8:58	8:59	9:01
8:48	8:49	null	null	null	null	null	null	null	8:51	8:52	8:53	8:56	8:57	8:58	8:59	null	null	9:02	9:02	9:03	9:05
8:53	null	8:56	8:57	8:58	8:59	9:00	9:01	9:02	null	null	null	null	null	null	null	null	null	9:05	9:05	9:06	9:08
8:55	8:56	null	null	null	null	null	null	null	8:58	8:59	9:00	9:03	9:04	9:05	9:06	null	null	9:09	9:09	9:10	9:12
9:01	null	9:04	9:05	9:06	9:07	9:08	9:09	9:10	null	null	null	null	null	null	null	null	null	9:13	9:13	9:14	9:16
9:03	9:04	null	null	null	null	null	null	null	9:06	9:07	9:08	9:11	9:12	9:13	9:14	null	null	9:17	9:17	9:18	9:20
9:10	null	9:13	9:14	9:15	9:16	9:17	9:18	9:19	null	null	null	null	null	null	null	null	null	9:22	9:22	9:23	9:25
9:12	9:13	null	null	null	null	null	null	null	9:15	9:16	9:17	9:20	9:21	9:22	9:23	null	null	9:26	9:26	9:27	9:29
9:14	null	9:17	9:18	9:19	9:20	9:21	9:22	9:23	null	null	null	null	null	null	null	null	null	9:26	9:26	9:27	9:29
9:16	9:17	null	null	null	null	null	null	null	9:19	9:20	9:21	9:24	9:25	9:26	9:27	null	null	9:30	9:30	9:31	9:33
9:24	null	9:27	9:28	9:29	9:30	9:31	9:32	9:33	null	null	null	null	null	null	null	null	null	9:36	9:36	9:37	9:39
9:26	9:27	null	null	null	null	null	null	null	9:29	9:30	9:31	9:34	9:35	9:36	9:37	null	null	9:40	9:40	9:41	9:43
9:28	null	9:31	9:32	9:33	9:34	9:35	9:36	9:37	null	null	null	null	null	null	null	null	null	9:40	9:40	9:41	9:43
9:30	9:31	null	null	null	null	null	null	null	9:33	9:34	9:35	9:38	9:39	9:40	9:41	null	null	9:44	9:44	9:45	9:47
9:32	null	9:35	9:36	9:37	9:38	9:39	9:40	9:41	null	null	null	null	null	null	null	null	null	9:44	9:44	9:45	9:47
9:35	9:36	null	null	null	null	null	null	null	9:38	9:39	9:40	9:43	9:44	9:45	9:46	null	null	9:49	9:49	9:50	9:52
9:42	null	9:45	9:46	9:47	9:48	9:49	9:50	9:51	null	null	null	null	null	null	null	null	null	9:54	9:54	9:55	9:57
9:44	9:45	null	null	null	null	null	null	null	9:47	9:48	9:49	9:52	9:53	9:54	9:55	null	null	9:58	9:58	9:59	10:01
9:46	null	9:49	9:50	9:51	9:52	9:53	9:54	9:55	null	null	null	null	null	null	null	null	null	9:58	9:58	9:59	10:01
9:48	9:49	null	null	null	null	null	null	null	9:51	9:52	9:53	9:56	9:57	9:58	9:59	null	null	10:02	10:02	10:03	10:05
9:50	9:51	null	null	null	null	null	null	null	9:53	9:54	9:55	9:58	9:59	10:00	10:01	null	null	10:04	10:04	10:05	10:07
9:52	null	9:55	9:56	9:57	9:58	9:59	10:00	10:01	null	null	null	null	null	null	null	null	null	10:04	10:04	10:05	10:07
9:54	9:55	null	null	null	null	null	null	null	9:57	9:58	9:59	10:02	10:03	10:04	10:05	null	null	10:08	10:08	10:09	10:11
9:56	null	9:59	10:00	10:01	10:02	10:03	10:04	10:05	null	null	null	null	null	null	null	null	null	10:08	10:08	10:09	10:11
9:58	9:59	null	null	null	null	null	null	null	10:01	10:02	10:03	10:06	10:07	10:08	10:09	null	null	10:12	10:12	10:13	10:15
10:00	null	10:03	10:04	10:05	10:06	10:07	10:08	10:09	null	null	null	null	null	null	null	null	null	10:12	10:12	10:13	10:15
10:02	null	10:05	10:06	10:07	10:08	10:09	10:10	10:11	null	null	null	null	null	null	null	null	null	10:14	10:14	10:15	10:17
10:04	10:05	null	null	null	null	null	null	null	10:07	10:08	10:09	10:12	10:13	10:14	10:15	null	null	10:18	10:18	10:19	10:21
10:06	10:07	null	null	null	null	null	null	null	10:09	10:10	10:11	10:14	10:15	10:16	10:17	null	null	10:20	10:20	10:21	10:23
10:08	null	10:11	10:12	10:13	10:14	10:15	10:16	10:17	null	null	null	null	null	null	null	null	null	10:20	10:20	10:21	10:23
10:10	null	10:13	10:14	10:15	10:16	10:17	10:18	10:19	null	null	null	null	null	null	null	null	null	10:22	10:22	10:23	10:25
10:12	10:13	null	null	null	null	null	null	null	10:15	10:16	10:17	10:20	10:21	10:22	10:23	null	null	10:26	10:26	10:27	10:29
10:14	10:15	null	null	null	null	null	null	null	10:17	10:18	10:19	10:22	10:23	10:24	10:25	null	null	10:28	10:28	10:29	10:31
10:26	null	10:29	10:30	10:31	10:32	10:33	10:34	10:35	null	null	null	null	null	null	null	null	null	10:38	10:38	10:39	10:41
10:28	10:29	null	null	null	null	null	null	null	10:31	10:32	10:33	10:36	10:37	10:38	10:39	null	null	10:42	10:42	10:43	10:45
10:30	10:31	null	null	null	null	null	null	null	10:33	10:34	10:35	10:38	10:39	10:40	10:41	null	null	10:44	10:44	10:45	10:47
10:40	null	10:43	10:44	10:45	10:46	10:47	10:48	10:49	null	null	null	null	null	null	null	null	null	10:52	10:52	10:53	10:55
10:42	10:43	null	null	null	null	null	null	null	10:45	10:46	10:47	10:50	10:51	10:52	10:53	null	null	10:56	10:56	10:57	10:59
10:55	10:56	null	null	null	null	null	null	null	10:58	10:59	11:00	11:03	11:04	11:05	11:06	null	null	11:09	11:09	11:10	11:12
11:10	11:13	11:15	11:16	11:17	11:18	11:19	11:20	11:21	null	null	null	null	null	null	null	11:24	11:26	null	null	11:27	11:29
11:17	11:18	null	null	null	null	null	null	null	11:20	11:21	11:22	11:25	11:26	11:27	11:28	null	null	11:31	11:31	11:32	11:34
11:19	null	11:22	11:23	11:24	11:25	11:26	11:27	11:28	null	null	null	null	null	null	null	null	null	11:31	11:31	11:32	11:34
11:26	11:27	null	null	null	null	null	null	null	11:29	11:30	11:31	11:34	11:35	11:36	11:37	null	null	11:40	11:40	11:41	11:43
11:28	null	11:31	11:32	11:33	11:34	11:35	11:36	11:37	null	null	null	null	null	null	null	null	null	11:40	11:40	11:41	11:43
11:40	11:41	null	null	null	null	null	null	null	11:43	11:44	11:45	11:48	11:49	11:50	11:51	null	null	11:54	11:54	11:55	11:57
11:42	null	11:45	11:46	11:47	11:48	11:49	11:50	11:51	null	null	null	null	null	null	null	null	null	11:54	11:54	11:55	11:57
11:44	11:45	null	null	null	null	null	null	null	11:47	11:48	11:49	11:52	11:53	11:54	11:55	null	null	11:58	11:58	11:59	12:01
11:56	null	11:59	12:00	12:01	12:02	12:03	12:04	12:05	null	null	null	null	null	null	null	null	null	12:08	12:08	12:09	12:11
11:58	11:59	null	null	null	null	null	null	null	12:01	12:02	12:03	12:06	12:07	12:08	12:09	null	null	12:12	12:12	12:13	12:15
12:10	null	12:13	12:14	12:15	12:16	12:17	12:18	12:19	null	null	null	null	null	null	null	null	null	12:22	12:22	12:23	12:25
12:12	12:13	null	null	null	null	null	null	null	12:15	12:16	12:17	12:20	12:21	12:22	12:23	null	null	12:26	12:26	12:27	12:29
12:14	null	12:17	12:18	12:19	12:20	12:21	12:22	12:23	null	null	null	null	null	null	null	null	null	12:26	12:26	12:27	12:29
12:16	12:17	null	null	null	null	null	null	null	12:19	12:20	12:21	12:24	12:25	12:26	12:27	null	null	12:30	12:30	12:31	12:33
12:26	null	12:29	12:30	12:31	12:32	12:33	12:34	12:35	null	null	null	null	null	null	null	null	null	12:38	12:38	12:39	12:41
12:28	12:29	null	null	null	null	null	null	null	12:31	12:32	12:33	12:36	12:37	12:38	12:39	null	null	12:42	12:42	12:43	12:45
12:30	null	12:33	12:34	12:35	12:36	12:37	12:38	12:39	null	null	null	null	null	null	null	null	null	12:42	12:42	12:43	12:45
12:32	12:33	null	null	null	null	null	null	null	12:35	12:36	12:37	12:40	12:41	12:42	12:43	null	null	12:46	12:46	12:47	12:49
12:39	null	12:42	12:43	12:44	12:45	12:46	12:47	12:48	null	null	null	null	null	null	null	null	null	12:51	12:51	12:52	12:54
12:41	12:42	null	null	null	null	null	null	null	12:44	12:45	12:46	12:49	12:50	12:51	12:52	null	null	12:55	12:55	12:56	12:58
12:43	null	12:46	12:47	12:48	12:49	12:50	12:51	12:52	null	null	null	null	null	null	null	null	null	12:55	12:55	12:56	12:58
12:45	12:46	null	null	null	null	null	null	null	12:48	12:49	12:50	12:53	12:54	12:55	12:56	null	null	12:59	12:59	13:00	13:02
12:55	null	12:58	12:59	13:00	13:01	13:02	13:03	13:04	null	null	null	null	null	null	null	null	null	13:07	13:07	13:08	13:10
12:57	12:58	null	null	null	null	null	null	null	13:00	13:01	13:02	13:05	13:06	13:07	13:08	null	null	13:11	13:11	13:12	13:14
13:10	null	13:13	13:14	13:15	13:16	13:17	13:18	13:19	null	null	null	null	null	null	null	13:22	13:24	null	null	13:25	13:27
13:21	13:22	null	null	null	null	null	null	null	13:24	13:25	13:26	13:29	13:30	13:31	13:32	null	null	13:35	13:35	13:36	13:38
13:40	null	13:43	13:44	13:45	13:46	13:47	13:48	13:49	null	null	null	null	null	null	null	null	null	13:52	13:52	13:53	13:55
13:55	13:56	null	null	null	null	null	null	null	13:58	13:59	14:00	14:03	14:04	14:05	14:06	null	null	14:09	14:09	14:10	14:12
14:10	null	14:13	14:14	14:15	14:16	14:17	14:18	14:19	null	null	null	null	null	null	null	null	null	14:22	14:22	14:23	14:25
14:23	14:24	null	null	null	null	null	null	null	14:26	14:27	14:28	14:31	14:32	14:33	14:34	null	null	14:37	14:37	14:38	14:40
14:40	null	14:43	14:44	14:45	14:46	14:47	14:48	14:49	null	null	null	null	null	null	null	null	null	14:52	14:52	14:53	14:55
14:55	14:56	null	null	null	null	null	null	null	14:58	14:59	15:00	15:03	15:04	15:05	15:06	null	null	15:09	15:09	15:10	15:12
15:10	null	15:13	15:14	15:15	15:16	15:17	15:18	15:19	null	null	null	null	null	null	null	15:22	15:24	null	null	15:25	15:27
15:25	15:26	null	null	null	null	null	null	null	15:28	15:29	15:30	15:33	15:34	15:35	15:36	null	null	15:39	15:39	15:40	15:42
15:38	null	15:41	15:42	15:43	15:44	15:45	15:46	15:47	null	null	null	null	null	null	null	null	null	15:50	15:50	15:51	15:53
15:55	15:56	null	null	null	null	null	null	null	15:58	15:59	16:00	16:03	16:04	16:05	16:06	null	null	16:09	16:09	16:10	16:12
16:10	16:11	null	null	null	null	null	null	null	16:13	16:14	16:15	16:18	16:19	16:20	16:21	null	null	16:24	16:24	16:25	16:27
16:23	16:26	16:28	16:29	16:30	16:31	16:32	16:33	16:34	null	null	null	null	null	null	null	16:37	16:39	null	null	16:40	16:42
16:33	16:34	null	null	null	null	null	null	null	16:36	16:37	16:38	16:41	16:42	16:43	16:44	null	null	16:47	16:47	16:48	16:50
16:42	null	16:45	16:46	16:47	16:48	16:49	16:50	16:51	null	null	null	null	null	null	null	null	null	16:54	16:54	16:55	16:57
16:56	16:57	null	null	null	null	null	null	null	16:59	17:00	17:01	17:04	17:05	17:06	17:07	null	null	17:10	17:10	17:11	17:13
17:10	null	17:13	17:14	17:15	17:16	17:17	17:18	17:19	null	null	null	null	null	null	null	null	null	17:22	17:22	17:23	17:25
17:25	17:26	null	null	null	null	null	null	null	17:28	17:29	17:30	17:33	17:34	17:35	17:36	null	null	17:39	17:39	17:40	17:42
17:40	null	17:43	17:44	17:45	17:46	17:47	17:48	17:49	null	null	null	null	null	null	null	17:52	17:54	null	null	17:55	17:57
17:55	17:56	null	null	null	null	null	null	null	17:58	17:59	18:00	18:03	18:04	18:05	18:06	null	null	18:09	18:09	18:10	18:12
18:10	null	18:13	18:14	18:15	18:16	18:17	18:18	18:19	null	null	null	null	null	null	null	null	null	18:22	18:22	18:23	18:25
18:24	18:25	null	null	null	null	null	null	null	18:27	18:28	18:29	18:32	18:33	18:34	18:35	null	null	18:38	18:38	18:39	18:41
18:43	null	18:46	18:47	18:48	18:49	18:50	18:51	18:52	null	null	null	null	null	null	null	18:55	18:57	null	null	18:58	19:00
18:57	18:58	null	null	null	null	null	null	null	19:00	19:01	19:02	19:05	19:06	19:07	19:08	null	null	19:11	19:11	19:12	19:14
19:09	null	19:12	19:13	19:14	19:15	19:16	19:17	19:18	null	null	null	null	null	null	null	null	null	19:21	19:21	19:22	19:24
19:37	19:38	null	null	null	null	null	null	null	19:40	19:41	19:42	19:45	19:46	19:47	19:48	null	null	19:51	19:51	19:52	19:54
19:52	19:53	null	null	null	null	null	null	null	19:55	19:56	19:57	20:00	20:01	20:02	20:03	null	null	20:06	20:06	20:07	20:09
20:11	null	20:14	20:15	20:16	20:17	20:18	20:19	20:20	null	null	null	null	null	null	null	20:23	20:25	null	null	20:26	20:28
20:43	20:44	null	null	null	null	null	null	null	20:46	20:47	20:48	20:51	20:52	20:53	20:54	null	null	20:57	20:57	20:58	21:00
21:11	null	21:14	21:15	21:16	21:17	21:18	21:19	21:20	null	null	null	null	null	null	null	null	null	21:23	21:23	21:24	21:26
21:40	21:41	null	null	null	null	null	null	null	21:43	21:44	21:45	21:48	21:49	21:50	21:51	null	null	21:54	21:54	21:55	21:57
22:13	null	22:16	22:17	22:18	22:19	22:20	22:21	22:22	null	null	null	null	null	null	null	null	null	22:25	22:25	22:26	22:28
22:34	22:35	null	null	null	null	null	null	null	22:37	22:38	22:39	22:42	22:43	22:44	22:45	null	null	22:48	22:48	22:49	22:51
23:00	23:01	null	null	null	null	null	null	null	23:03	23:04	23:05	23:08	23:09	23:10	23:11	null	null	23:14	23:14	23:15	23:17