gakken	kitahara	maiduru	yokonisi	workcenter	genyou	imade	motookapost	motookasch	yamazaki	susenjieast	susenji	izumi	fujimi	tarou	motookauniv	motooka	yamade	sangaku	firecenter	bigorange	kougakubu
7:11	null	7:14	7:15	7:16	7:17	7:18	7:19	7:20	null	null	null	null	null	null	null	null	null	7:23	7:23	7:24	7:26
7:25	7:27	null	null	null	null	null	null	null	7:28	7:29	7:30	7:33	7:34	7:35	7:36	null	null	7:39	7:39	7:40	7:42
7:40	null	7:43	7:44	7:45	7:46	7:47	7:48	7:49	null	null	null	null	null	null	null	null	null	7:52	7:52	7:53	7:55
7:42	7:44	null	null	null	null	null	null	null	7:45	7:46	7:47	7:50	7:51	7:52	7:53	null	null	7:56	7:56	7:57	7:59
7:52	7:54	null	null	null	null	null	null	null	7:55	7:56	7:57	8:00	8:01	8:02	8:03	null	null	8:06	8:06	8:07	8:09
8:01	null	8:04	8:05	8:06	8:07	8:08	8:09	8:10	null	null	null	null	null	null	null	null	null	8:13	8:13	8:14	8:16
8:03	8:05	null	null	null	null	null	null	null	8:06	8:07	8:08	8:11	8:12	8:13	8:14	null	null	8:17	8:17	8:18	8:20
8:08	8:10	null	null	null	null	null	null	null	8:11	8:12	8:13	8:16	8:17	8:18	8:19	null	null	8:22	8:22	8:23	8:25
8:21	null	8:24	8:25	8:26	8:27	8:28	8:29	8:30	null	null	null	null	null	null	null	null	null	8:33	8:33	8:34	8:36
8:23	8:25	null	null	null	null	null	null	null	8:26	8:27	8:28	8:31	8:32	8:33	8:34	null	null	8:37	8:37	8:38	8:40
8:43	null	8:46	8:47	8:48	8:49	8:50	8:51	8:52	null	null	null	null	null	null	null	null	null	8:55	8:55	8:56	8:58
8:50	8:52	null	null	null	null	null	null	null	8:53	8:54	8:55	8:58	8:59	9:00	9:01	null	null	9:04	9:04	9:05	9:07
9:02	null	9:05	9:06	9:07	9:08	9:09	9:10	9:11	null	null	null	null	null	null	null	null	null	9:14	9:14	9:15	9:17
9:05	9:07	null	null	null	null	null	null	null	9:08	9:09	9:10	9:13	9:14	9:15	9:16	null	null	9:19	9:19	9:20	9:22
9:23	null	9:26	9:27	9:28	9:29	9:30	9:31	9:32	null	null	null	null	null	null	null	null	null	9:35	9:35	9:36	9:38
9:25	9:27	null	null	null	null	null	null	null	9:28	9:29	9:30	9:33	9:34	9:35	9:36	null	null	9:39	9:39	9:40	9:42
9:39	9:41	null	null	null	null	null	null	null	9:42	9:43	9:44	9:47	9:48	9:49	9:50	null	null	9:53	9:53	9:54	9:56
9:50	null	9:53	9:54	9:55	9:56	9:57	9:58	9:59	null	null	null	null	null	null	null	null	null	10:02	10:02	10:03	10:05
9:53	9:55	null	null	null	null	null	null	null	9:56	9:57	9:58	10:01	10:02	10:03	10:04	null	null	10:07	10:07	10:08	10:10
9:58	10:00	null	null	null	null	null	null	null	10:01	10:02	10:03	10:06	10:07	10:08	10:09	null	null	10:12	10:12	10:13	10:15
10:09	null	10:12	10:13	10:14	10:15	10:16	10:17	10:18	null	null	null	null	null	null	null	null	null	10:21	10:21	10:22	10:24
10:11	10:13	null	null	null	null	null	null	null	10:14	10:15	10:16	10:19	10:20	10:21	10:22	null	null	10:25	10:25	10:26	10:28
10:25	null	10:28	10:29	10:30	10:31	10:32	10:33	10:34	null	null	null	null	null	null	null	null	null	10:37	10:37	10:38	10:40
10:40	10:42	null	null	null	null	null	null	null	10:43	10:44	10:45	10:48	10:49	10:50	10:51	null	null	10:54	10:54	10:55	10:57
10:50	null	10:53	10:54	10:55	10:56	10:57	10:58	10:59	null	null	null	null	null	null	null	null	null	11:02	11:02	11:03	11:05
11:10	11:12	null	null	null	null	null	null	null	11:13	11:14	11:15	11:18	11:19	11:20	11:21	null	null	11:24	11:24	11:25	11:27
11:23	null	11:26	11:27	11:28	11:29	11:30	11:31	11:32	null	null	null	null	null	null	null	11:35	11:37	null	null	11:38	11:40
11:39	null	11:42	11:43	11:44	11:45	11:46	11:47	11:48	null	null	null	null	null	null	null	null	null	11:51	11:51	11:52	11:54
11:42	11:44	null	null	null	null	null	null	null	11:45	11:46	11:47	11:50	11:51	11:52	11:53	null	null	11:56	11:56	11:57	11:59
11:53	11:55	null	null	null	null	null	null	null	11:56	11:57	11:58	12:01	12:02	12:03	12:04	null	null	12:07	12:07	12:08	12:10
12:00	null	12:03	12:04	12:05	12:06	12:07	12:08	12:09	null	null	null	null	null	null	null	null	null	12:12	12:12	12:13	12:15
12:09	12:11	null	null	null	null	null	null	null	12:12	12:13	12:14	12:17	12:18	12:19	12:20	null	null	12:23	12:23	12:24	12:26
12:25	null	12:28	12:29	12:30	12:31	12:32	12:33	12:34	null	null	null	null	null	null	null	null	null	12:37	12:37	12:38	12:40
12:39	null	12:42	12:43	12:44	12:45	12:46	12:47	12:48	null	null	null	null	null	null	null	null	null	12:51	12:51	12:52	12:54
12:41	12:43	null	null	null	null	null	null	null	12:44	12:45	12:46	12:49	12:50	12:51	12:52	null	null	12:55	12:55	12:56	12:58
12:55	12:57	null	null	null	null	null	null	null	12:58	12:59	13:00	13:03	13:04	13:05	13:06	null	null	13:09	13:09	13:10	13:12
13:10	13:12	null	null	null	null	null	null	null	13:13	13:14	13:15	13:18	13:19	13:20	13:21	null	null	13:24	13:24	13:25	13:27
13:22	null	13:25	13:26	13:27	13:28	13:29	13:30	13:31	null	null	null	null	null	null	null	13:34	13:36	null	null	13:37	13:39
13:38	null	13:41	13:42	13:43	13:44	13:45	13:46	13:47	null	null	null	null	null	null	null	null	null	13:50	13:50	13:51	13:53
13:40	13:42	null	null	null	null	null	null	null	13:43	13:44	13:45	13:48	13:49	13:50	13:51	null	null	13:54	13:54	13:55	13:57
13:54	13:56	null	null	null	null	null	null	null	13:57	13:58	13:59	14:02	14:03	14:04	14:05	null	null	14:08	14:08	14:09	14:11
14:10	null	14:13	14:14	14:15	14:16	14:17	14:18	14:19	null	null	null	null	null	null	null	null	null	14:22	14:22	14:23	14:25
14:25	null	14:28	14:29	14:30	14:31	14:32	14:33	14:34	null	null	null	null	null	null	null	null	null	14:37	14:37	14:38	14:40
14:56	14:58	null	null	null	null	null	null	null	14:59	15:00	15:01	15:04	15:05	15:06	15:07	null	null	15:10	15:10	15:11	15:13
15:23	null	15:26	15:27	15:28	15:29	15:30	15:31	15:32	null	null	null	null	null	null	null	15:35	15:37	null	null	15:38	15:40
15:55	15:57	null	null	null	null	null	null	null	15:58	15:59	16:00	16:03	16:04	16:05	16:06	null	null	16:09	16:09	16:10	16:12
16:24	null	16:27	16:28	16:29	16:30	16:31	16:32	16:33	null	null	null	null	null	null	null	16:36	16:38	null	null	16:39	16:41
16:55	16:57	null	null	null	null	null	null	null	16:58	16:59	17:00	17:03	17:04	17:05	17:06	null	null	17:09	17:09	17:10	17:12
17:10	17:12	null	null	null	null	null	null	null	17:13	17:14	17:15	17:18	17:19	17:20	17:21	null	null	17:24	17:24	17:25	17:27
17:25	null	17:28	17:29	17:30	17:31	17:32	17:33	17:34	null	null	null	null	null	null	null	17:37	17:39	null	null	17:40	17:42
17:53	17:55	null	null	null	null	null	null	null	17:56	17:57	17:58	18:01	18:02	18:03	18:04	null	null	18:07	18:07	18:08	18:10
18:10	18:12	null	null	null	null	null	null	null	18:13	18:14	18:15	18:18	18:19	18:20	18:21	null	null	18:24	18:24	18:25	18:27
18:26	null	18:29	18:30	18:31	18:32	18:33	18:34	18:35	null	null	null	null	null	null	null	null	null	18:38	18:38	18:39	18:41
18:55	18:57	null	null	null	null	null	null	null	18:58	18:59	19:00	19:03	19:04	19:05	19:06	null	null	19:09	19:09	19:10	19:12
19:26	null	19:29	19:30	19:31	19:32	19:33	19:34	19:35	null	null	null	null	null	null	null	null	null	19:38	19:38	19:39	19:41
19:58	20:00	null	null	null	null	null	null	null	20:01	20:02	20:03	20:06	20:07	20:08	20:09	null	null	20:12	20:12	20:13	20:15
20:27	null	20:30	20:31	20:32	20:33	20:34	20:35	20:36	null	null	null	null	null	null	null	null	null	20:39	20:39	20:40	20:42
20:55	20:57	null	null	null	null	null	null	null	20:58	20:59	21:00	21:03	21:04	21:05	21:06	null	null	21:09	21:09	21:10	21:12
21:25	null	21:28	21:29	21:30	21:31	21:32	21:33	21:34	null	null	null	null	null	null	null	null	null	21:37	21:37	21:38	21:40
22:00	22:02	null	null	null	null	null	null	null	22:03	22:04	22:05	22:08	22:09	22:10	22:11	null	null	22:14	22:14	22:15	22:17